Customer ID,Gender,Age,Annual Income,Spending Score
1,Male,52,46000,49
2,Female,35,99000,83
3,Female,40,80000,64
4,Male,31,74000,83
5,Male,47,53000,42
6,Male,22,82000,73
7,Male,18,73000,67
8,Female,48,66000,47
9,Male,41,92000,45
10,Male,31,29000,13
11,Male,43,90000,6
12,Female,47,20000,17
13,Female,41,80000,87
14,Female,28,52000,27
15,Male,59,100000,37
16,Male,39,88000,30
17,Female,20,34000,73
18,Female,41,87000,23
19,Male,43,88000,77
20,Male,23,31000,72
21,Male,50,67000,59
22,Female,40,20000,19
23,Female,40,36000,95
24,Female,40,39000,48
25,Male,27,30000,78
26,Female,35,19000,82
27,Female,40,10000,23
28,Female,42,84000,9
29,Female,60,95000,23
30,Female,43,94000,28
31,Female,24,23000,78
32,Male,31,47000,3
33,Female,42,91000,80
34,Male,46,60000,25
35,Male,35,29000,82
36,Male,48,26000,11
37,Female,39,71000,82
38,Female,23,65000,41
39,Female,49,66000,35
40,Female,43,24000,14
41,Female,28,18000,80
42,Female,46,25000,20
43,Male,22,32000,68
44,Female,69,112000,16
45,Male,20,30000,84
46,Female,30,27000,75
47,Male,34,70000,16
48,Male,37,91000,83
49,Female,57,53000,64
50,Female,43,96000,23
51,Male,25,56000,74
52,Female,40,82000,13
53,Male,23,23000,70
54,Female,32,59000,67
55,Male,40,23000,15
56,Male,29,24000,20
57,Male,22,85000,75
58,Female,46,10000,6
59,Female,32,34000,94
60,Male,44,81000,26
61,Female,29,18000,77
62,Female,45,15000,23
63,Female,42,56000,42
64,Female,20,28000,75
65,Female,37,82000,87
66,Male,26,77000,71
67,Male,36,92000,100
68,Female,44,89000,35
69,Male,19,16000,17
70,Male,38,50000,51
71,Female,49,14000,25
72,Male,44,54000,36
73,Male,27,54000,34
74,Male,25,79000,85
75,Female,26,26000,86
76,Female,30,10000,100
77,Female,33,61000,81
78,Male,35,35000,45
79,Female,28,69000,45
80,Female,42,30000,83
81,Female,32,81000,91
82,Female,41,19000,37
83,Female,25,11000,72
84,Female,48,28000,36
85,Female,19,38000,65
86,Male,48,44000,31
87,Female,31,91000,18
88,Female,42,105000,87
89,Male,31,104000,79
90,Male,26,16000,70
91,Male,35,30000,76
92,Male,52,61000,45
93,Female,35,53000,40
94,Male,25,22000,64
95,Male,43,98000,76
96,Female,54,54000,38
97,Female,31,84000,82
98,Female,38,22000,24
99,Female,39,35000,28
100,Male,34,90000,13
101,Female,45,95000,86
102,Male,25,20000,73
103,Male,42,87000,5
104,Female,25,10000,73
105,Female,32,81000,65
106,Female,28,87000,86
107,Female,39,45000,19
108,Female,33,83000,21
109,Male,42,38000,17
110,Female,57,74000,4
111,Male,42,57000,66
112,Male,31,93000,10
113,Female,58,82000,33
114,Male,38,93000,1
115,Male,49,30000,19
116,Female,40,64000,64
117,Female,40,33000,12
118,Male,21,86000,25
119,Male,36,56000,40
120,Male,29,33000,89
121,Male,44,91000,19
122,Female,27,58000,66
123,Male,33,69000,90
124,Male,29,10000,75
125,Female,23,28000,82
126,Female,36,64000,41
127,Female,35,41000,30
128,Female,53,57000,57
129,Female,39,79000,1
130,Female,26,88000,35
131,Female,46,69000,29
132,Male,65,87000,10
133,Female,30,20000,88
134,Female,36,103000,18
135,Female,28,55000,62
136,Male,49,17000,33
137,Female,60,25000,13
138,Female,33,30000,78
139,Female,49,35000,21
140,Female,56,13000,31
141,Female,54,18000,29
142,Male,24,33000,91
143,Male,26,88000,89
144,Male,30,12000,75
145,Male,39,91000,9
146,Male,30,78000,33
147,Female,54,97000,10
148,Female,24,28000,93
149,Male,33,76000,16
150,Female,40,29000,70
151,Female,26,105000,78
152,Male,48,40000,12
153,Female,49,65000,15
154,Female,46,47000,52
155,Female,45,83000,27
156,Female,39,46000,76
157,Male,27,23000,83
158,Female,25,72000,89
159,Male,50,12000,15
160,Male,39,70000,32
161,Male,41,61000,19
162,Female,40,96000,92
163,Male,38,110000,74
164,Female,28,105000,100
165,Female,31,105000,25
166,Female,41,110000,66
167,Female,26,32000,89
168,Female,29,89000,84
169,Female,24,27000,62
170,Female,18,24000,68
171,Male,26,34000,66
172,Female,42,57000,59
173,Male,61,39000,17
174,Male,35,72000,10
175,Male,44,57000,48
176,Female,24,27000,85
177,Male,23,39000,77
178,Male,21,29000,95
179,Female,42,93000,5
180,Female,36,59000,80
181,Male,47,55000,44
182,Female,18,85000,85
183,Female,37,32000,85
184,Male,34,45000,59
185,Male,39,81000,17
186,Male,49,27000,1
187,Female,26,34000,74
188,Male,23,23000,78
189,Female,51,98000,8
190,Male,38,80000,87
191,Female,31,81000,29
192,Female,45,91000,14
193,Male,37,96000,78
194,Male,50,29000,4
195,Female,22,28000,58
196,Male,56,52000,49
197,Male,31,17000,79
198,Female,30,26000,80
199,Female,33,106000,82
200,Male,52,27000,28
201,Female,48,17000,34
202,Male,53,48000,50
203,Male,41,96000,71
204,Female,53,56000,68
205,Female,46,62000,14
206,Female,31,44000,58
207,Male,43,45000,25
208,Male,40,85000,12
209,Male,40,44000,45
210,Female,18,80000,7
211,Male,51,18000,36
212,Female,40,33000,27
213,Female,58,98000,1
214,Male,33,105000,9
215,Female,30,91000,71
216,Female,30,25000,71
217,Female,29,81000,91
218,Male,21,32000,75
219,Female,58,82000,19
220,Female,34,85000,78
221,Male,26,21000,77
222,Male,32,75000,91
223,Male,39,66000,35
224,Male,38,25000,18
225,Male,33,80000,37
226,Male,41,29000,15
227,Male,42,61000,32
228,Female,26,36000,79
229,Male,46,71000,16
230,Male,38,56000,59
231,Male,27,31000,91
232,Male,41,100000,23
233,Female,43,38000,42
234,Male,28,56000,50
235,Female,51,18000,33
236,Male,64,28000,17
237,Male,35,34000,81
238,Female,40,82000,36
239,Female,53,28000,22
240,Male,19,37000,74
241,Male,41,10000,29
242,Male,23,23000,77
243,Male,47,25000,57
244,Female,29,70000,79
245,Female,19,11000,88
246,Female,39,25000,35
247,Female,42,69000,49
248,Female,41,20000,16
249,Male,45,29000,11
250,Female,26,23000,77
251,Male,55,25000,26
252,Male,28,84000,27
253,Male,37,90000,86
254,Female,43,54000,24
255,Female,35,29000,75
256,Male,27,12000,80
257,Female,47,59000,42
258,Female,44,78000,23
259,Female,51,58000,23
260,Female,33,19000,25
261,Female,25,61000,80
262,Male,28,52000,25
263,Female,38,43000,24
264,Female,35,26000,98
265,Female,30,17000,77
266,Female,36,89000,17
267,Male,28,87000,69
268,Male,29,38000,80
269,Female,39,99000,92
270,Female,43,39000,84
271,Male,55,68000,43
272,Male,37,29000,14
273,Female,42,101000,22
274,Female,20,36000,77
275,Male,38,55000,57
276,Female,36,23000,23
277,Female,40,13000,10
278,Female,25,85000,72
279,Female,40,37000,15
280,Female,31,64000,87
281,Female,48,39000,73
282,Female,27,72000,64
283,Male,32,36000,80
284,Female,34,16000,84
285,Male,28,13000,83
286,Male,36,73000,100
287,Female,22,34000,69
288,Female,43,50000,59
289,Female,25,29000,88
290,Male,57,73000,9
291,Female,40,86000,16
292,Male,36,99000,68
293,Male,47,44000,39
294,Female,35,56000,41
295,Female,32,21000,99
296,Male,23,56000,48
297,Male,49,100000,21
298,Female,38,50000,38
299,Male,48,20000,29
300,Female,41,22000,28
301,Female,40,60000,40
302,Female,32,58000,35
303,Male,36,55000,51
304,Female,39,39000,60
305,Female,43,74000,87
306,Male,48,85000,3
307,Female,34,29000,67
308,Female,46,55000,42
309,Female,48,85000,20
310,Male,53,43000,60
311,Male,24,58000,43
312,Male,60,67000,52
313,Male,37,53000,39
314,Female,41,96000,85
315,Male,36,54000,53
316,Female,38,36000,46
317,Female,26,18000,64
318,Female,24,22000,74
319,Male,23,72000,77
320,Male,29,21000,90
321,Female,50,29000,12
322,Female,28,16000,1
323,Male,22,10000,71
324,Male,34,85000,74
325,Female,48,86000,71
326,Female,68,39000,53
327,Male,26,18000,83
328,Female,51,52000,67
329,Female,40,84000,75
330,Female,38,10000,26
331,Female,20,98000,73
332,Female,21,10000,81
333,Female,38,75000,90
334,Male,34,83000,83
335,Male,48,23000,26
336,Female,28,21000,79
337,Female,37,100000,85
338,Female,45,51000,75
339,Male,48,66000,33
340,Male,52,82000,54
341,Female,42,60000,47
342,Female,58,50000,42
343,Male,42,16000,45
344,Male,53,37000,1
345,Female,26,21000,84
346,Female,35,47000,44
347,Male,42,44000,58
348,Female,28,101000,23
349,Female,41,26000,5
350,Male,28,67000,18
351,Female,50,31000,10
352,Female,29,33000,94
353,Female,41,101000,17
354,Male,39,23000,38
355,Female,21,27000,71
356,Male,60,25000,21
357,Male,27,26000,76
358,Male,37,66000,51
359,Male,31,38000,74
360,Male,45,23000,31
361,Female,41,45000,49
362,Female,29,61000,60
363,Female,51,29000,22
364,Female,49,61000,38
365,Female,57,20000,10
366,Female,42,18000,18
367,Female,46,81000,87
368,Female,52,16000,25
369,Female,32,22000,95
370,Male,45,97000,21
371,Male,32,24000,6
372,Female,31,63000,88
373,Male,38,21000,30
374,Female,45,18000,26
375,Male,40,25000,8
376,Male,26,90000,77
377,Female,31,69000,48
378,Female,45,23000,20
379,Male,35,82000,17
380,Female,37,102000,13
381,Female,29,25000,64
382,Male,47,20000,25
383,Female,36,73000,82
384,Female,32,29000,88
385,Female,33,23000,77
386,Male,18,89000,9
387,Female,59,77000,57
388,Male,39,21000,14
389,Female,24,90000,1
390,Male,26,77000,76
391,Male,33,31000,5
392,Male,34,29000,32
393,Male,34,91000,70
394,Female,32,35000,23
395,Female,58,56000,39
396,Female,49,29000,25
397,Female,46,58000,43
398,Male,50,41000,51
399,Male,64,85000,76
400,Male,30,96000,1
401,Female,52,27000,14
402,Female,27,65000,43
403,Female,43,52000,59
404,Female,37,63000,56
405,Female,24,68000,66
406,Female,25,103000,87
407,Male,39,70000,38
408,Male,23,14000,59
409,Male,44,21000,27
410,Female,46,51000,53
411,Female,34,59000,38
412,Female,55,64000,22
413,Female,33,72000,81
414,Female,28,19000,84
415,Female,51,82000,18
416,Female,35,59000,88
417,Female,28,82000,75
418,Female,30,81000,10
419,Female,51,60000,58
420,Male,40,57000,49
421,Male,51,35000,19
422,Male,25,96000,86
423,Female,31,63000,65
424,Female,39,59000,61
425,Female,67,46000,57
426,Male,22,30000,89
427,Female,42,22000,13
428,Male,53,37000,21
429,Female,31,94000,77
430,Female,26,11000,81
431,Female,40,27000,90
432,Female,19,12000,92
433,Male,18,32000,64
434,Male,42,66000,38
435,Male,31,22000,85
436,Female,44,22000,5
437,Male,42,34000,9
438,Female,35,30000,87
439,Male,24,82000,27
440,Female,41,71000,71
441,Female,24,21000,76
442,Male,19,70000,32
443,Female,31,74000,16
444,Male,27,88000,78
445,Male,19,40000,33
446,Male,62,52000,45
447,Female,35,82000,84
448,Female,54,10000,16
449,Male,40,81000,86
450,Female,38,83000,83
451,Male,49,68000,35
452,Male,45,78000,39
453,Male,31,24000,91
454,Female,46,27000,8
455,Male,31,24000,96
456,Female,41,99000,79
457,Male,56,74000,14
458,Male,18,98000,92
459,Female,26,14000,87
460,Female,49,42000,53
461,Female,45,30000,35
462,Female,28,26000,1
463,Male,53,45000,44
464,Female,43,89000,10
465,Female,18,35000,72
466,Male,31,35000,18
467,Female,58,13000,2
468,Male,18,50000,74
469,Male,51,53000,41
470,Female,44,57000,57
471,Male,34,56000,36
472,Male,47,36000,28
473,Male,35,66000,21
474,Female,40,21000,22
475,Male,41,28000,79
476,Male,45,78000,28
477,Male,44,86000,14
478,Male,28,95000,39
479,Female,40,94000,81
480,Female,46,65000,58
481,Male,32,84000,86
482,Female,47,18000,25
483,Female,46,26000,28
484,Female,23,10000,77
485,Male,36,36000,49
486,Male,48,30000,10
487,Female,47,19000,38
488,Male,18,28000,99
489,Male,31,23000,26
490,Female,39,54000,52
491,Female,30,99000,8
492,Male,30,52000,63
493,Male,39,87000,87
494,Female,38,20000,1
495,Male,37,67000,50
496,Male,36,39000,29
497,Male,45,59000,57
498,Male,33,55000,37
499,Female,41,74000,2
500,Female,33,108000,12
501,Male,28,87000,94
502,Male,42,23000,25
503,Male,33,10000,86
504,Male,39,65000,19
505,Male,36,83000,74
506,Female,46,92000,16
507,Female,38,71000,79
508,Female,20,31000,68
509,Female,43,91000,22
510,Female,36,76000,79
511,Female,18,33000,67
512,Male,37,63000,53
513,Female,26,25000,85
514,Female,49,29000,28
515,Male,27,45000,69
516,Male,30,88000,81
517,Female,24,20000,71
518,Female,55,19000,12
519,Female,42,83000,13
520,Male,43,27000,34
521,Female,24,10000,72
522,Male,31,81000,100
523,Male,53,81000,11
524,Male,27,31000,78
525,Male,46,66000,67
526,Male,48,46000,33
527,Female,51,80000,15
528,Female,24,16000,87
529,Male,46,101000,69
530,Female,43,22000,19
531,Male,48,60000,45
532,Male,32,21000,32
533,Female,41,102000,78
534,Female,25,22000,74
535,Male,32,99000,25
536,Female,43,68000,37
537,Male,63,21000,24
538,Male,35,30000,20
539,Female,37,78000,77
540,Female,40,45000,63
541,Female,42,24000,23
542,Female,30,15000,83
543,Male,26,26000,90
544,Female,50,36000,64
545,Female,37,30000,17
546,Male,49,81000,22
547,Female,41,57000,56
548,Female,25,88000,6
549,Male,45,51000,55
550,Male,38,13000,13
551,Male,34,30000,23
552,Female,47,64000,43
553,Female,26,95000,80
554,Female,70,35000,29
555,Female,43,75000,1
556,Male,48,59000,29
557,Male,23,14000,72
558,Female,24,21000,74
559,Female,37,18000,19
560,Male,31,17000,82
561,Female,45,22000,21
562,Male,22,94000,31
563,Female,48,106000,13
564,Male,47,94000,86
565,Female,31,27000,70
566,Female,61,65000,34
567,Male,24,71000,90
568,Female,23,43000,87
569,Male,27,29000,83
570,Male,51,83000,23
571,Female,42,12000,20
572,Male,49,27000,50
573,Male,41,79000,81
574,Female,43,30000,24
575,Female,29,12000,87
576,Female,54,99000,11
577,Female,25,18000,25
578,Female,52,55000,72
579,Female,22,34000,58
580,Female,26,103000,75
581,Female,23,27000,69
582,Female,53,32000,27
583,Male,51,101000,13
584,Female,18,80000,83
585,Female,39,90000,9
586,Female,33,46000,38
587,Male,33,52000,40
588,Male,28,64000,70
589,Female,38,22000,28
590,Female,40,36000,1
591,Female,27,11000,73
592,Female,39,80000,8
593,Male,36,83000,76
594,Female,18,79000,76
595,Female,31,101000,29
596,Female,51,18000,20
597,Female,27,23000,67
598,Female,38,66000,92
599,Female,41,44000,48
600,Female,31,59000,90
601,Male,52,23000,15
602,Female,36,26000,29
603,Female,26,23000,78
604,Female,19,12000,83
605,Female,28,86000,65
606,Male,29,80000,19
607,Male,45,27000,14
608,Male,44,24000,24
609,Female,41,92000,88
610,Male,38,90000,90
611,Male,40,28000,7
612,Female,28,14000,61
613,Male,29,87000,73
614,Female,24,102000,100
615,Female,27,88000,82
616,Male,32,88000,97
617,Male,38,68000,13
618,Female,28,46000,41
619,Female,33,61000,19
620,Male,48,18000,21
621,Male,49,110000,23
622,Female,48,32000,29
623,Female,33,107000,20
624,Female,54,16000,25
625,Male,38,22000,23
626,Female,55,82000,46
627,Male,42,46000,26
628,Male,42,72000,14
629,Female,51,80000,28
630,Female,43,74000,47
631,Female,37,93000,22
632,Male,35,58000,36
633,Female,25,30000,64
634,Female,34,71000,85
635,Female,54,57000,6
636,Female,30,19000,70
637,Female,39,22000,16
638,Female,31,84000,9
639,Male,36,49000,45
640,Female,46,75000,11
641,Female,28,18000,82
642,Male,23,18000,77
643,Male,48,29000,18
644,Female,51,86000,36
645,Female,40,16000,75
646,Male,48,46000,53
647,Female,47,90000,27
648,Male,38,94000,22
649,Female,24,82000,81
650,Male,56,96000,10
651,Male,30,14000,13
652,Female,37,85000,8
653,Male,29,98000,21
654,Female,49,53000,36
655,Female,42,85000,19
656,Female,30,75000,3
657,Male,45,61000,47
658,Male,47,81000,12
659,Female,45,30000,24
660,Female,55,107000,19
661,Female,47,21000,26
662,Female,40,89000,15
663,Female,29,80000,20
664,Female,44,77000,70
665,Male,52,36000,28
666,Female,37,39000,71
667,Female,44,93000,77
668,Female,59,24000,17
669,Female,32,40000,51
670,Female,34,48000,49
671,Female,37,99000,75
672,Female,42,45000,45
673,Female,19,73000,80
674,Male,25,80000,72
675,Male,38,13000,18
676,Male,35,30000,37
677,Male,51,26000,25
678,Female,18,57000,45
679,Male,32,75000,1
680,Female,30,12000,77
681,Male,22,69000,86
682,Male,46,97000,21
683,Male,38,107000,80
684,Male,40,39000,19
685,Male,50,93000,1
686,Female,32,25000,9
687,Male,45,73000,47
688,Male,26,79000,64
689,Female,35,34000,82
690,Female,20,26000,70
691,Male,24,87000,94
692,Female,42,63000,42
693,Male,22,81000,76
694,Male,30,88000,83
695,Female,53,84000,9
696,Male,38,30000,72
697,Female,38,95000,79
698,Female,29,27000,92
699,Female,34,46000,52
700,Male,51,10000,22
701,Male,20,51000,77
702,Male,22,93000,76
703,Male,41,75000,13
704,Female,30,71000,39
705,Female,44,76000,39
706,Male,52,66000,36
707,Female,61,22000,29
708,Male,48,21000,22
709,Female,32,79000,83
710,Male,62,84000,15
711,Female,21,45000,67
712,Female,37,71000,68
713,Female,22,23000,65
714,Female,40,69000,57
715,Female,37,32000,89
716,Female,28,38000,22
717,Female,26,19000,1
718,Female,41,92000,6
719,Female,36,94000,86
720,Male,43,26000,20
721,Female,41,111000,14
722,Female,34,29000,2
723,Male,46,56000,81
724,Male,18,15000,81
725,Female,30,24000,98
726,Male,37,43000,51
727,Female,40,20000,17
728,Female,49,11000,37
729,Female,24,39000,85
730,Male,58,51000,64
731,Female,19,10000,82
732,Female,53,52000,51
733,Male,45,86000,16
734,Female,35,93000,67
735,Male,38,78000,1
736,Male,46,69000,35
737,Female,50,62000,27
738,Male,38,21000,35
739,Female,24,74000,80
740,Male,47,49000,35
741,Male,18,74000,77
742,Male,35,71000,82
743,Female,28,70000,58
744,Male,52,53000,14
745,Female,22,10000,65
746,Male,35,89000,87
747,Male,45,68000,12
748,Female,25,76000,84
749,Female,38,88000,17
750,Female,27,77000,28
751,Male,35,84000,82
752,Male,44,106000,25
753,Female,29,71000,77
754,Female,35,20000,76
755,Male,43,85000,3
756,Male,41,57000,62
757,Male,23,22000,80
758,Female,53,64000,21
759,Female,53,50000,56
760,Male,39,70000,56
761,Female,53,10000,8
762,Female,40,83000,69
763,Female,32,39000,83
764,Male,31,74000,18
765,Female,28,69000,69
766,Male,40,88000,72
767,Male,22,20000,65
768,Male,41,85000,7
769,Male,30,94000,31
770,Female,25,32000,82
771,Female,48,68000,88
772,Female,35,106000,85
773,Male,31,22000,82
774,Female,26,68000,85
775,Female,49,52000,50
776,Female,28,78000,11
777,Female,45,68000,76
778,Male,35,23000,77
779,Female,22,24000,77
780,Male,34,71000,76
781,Male,27,64000,80
782,Female,24,73000,92
783,Male,28,14000,87
784,Female,26,27000,75
785,Female,26,18000,72
786,Female,36,20000,69
787,Male,42,66000,6
788,Male,38,75000,28
789,Female,23,39000,53
790,Female,31,10000,71
791,Male,61,50000,34
792,Female,20,85000,81
793,Male,47,88000,12
794,Female,47,72000,31
795,Male,32,78000,12
796,Female,41,76000,80
797,Male,50,61000,25
798,Male,55,108000,21
799,Female,36,68000,84
800,Male,30,107000,5
801,Female,42,60000,35
802,Female,32,71000,30
803,Female,46,45000,59
804,Female,34,58000,93
805,Female,61,34000,8
806,Male,34,16000,79
807,Female,39,70000,87
808,Male,35,26000,28
809,Male,42,46000,57
810,Male,40,38000,28
811,Female,44,49000,20
812,Male,43,30000,38
813,Male,22,94000,79
814,Female,57,68000,23
815,Male,32,80000,20
816,Male,41,87000,18
817,Female,58,85000,25
818,Female,54,67000,89
819,Female,57,13000,11
820,Female,25,48000,49
821,Female,29,37000,77
822,Male,48,104000,100
823,Male,26,59000,74
824,Female,46,97000,83
825,Female,40,64000,69
826,Male,36,39000,36
827,Male,32,85000,26
828,Male,31,33000,86
829,Male,40,34000,88
830,Male,37,86000,76
831,Male,27,26000,83
832,Male,39,79000,73
833,Male,41,96000,18
834,Female,25,11000,60
835,Female,36,27000,10
836,Male,28,82000,65
837,Male,26,76000,72
838,Male,42,81000,42
839,Male,40,91000,87
840,Female,30,95000,81
841,Male,37,69000,53
842,Female,27,77000,74
843,Male,18,100000,91
844,Male,62,18000,28
845,Female,46,91000,20
846,Female,31,64000,77
847,Male,39,59000,54
848,Female,40,52000,39
849,Female,40,50000,26
850,Female,47,34000,25
851,Male,44,15000,31
852,Female,34,107000,90
853,Female,47,79000,26
854,Male,43,24000,89
855,Male,43,17000,14
856,Male,33,10000,23
857,Male,44,73000,6
858,Female,24,26000,77
859,Male,37,45000,44
860,Male,36,103000,72
861,Female,29,14000,81
862,Female,28,10000,87
863,Female,48,75000,50
864,Female,30,84000,100
865,Female,43,26000,71
866,Male,18,56000,55
867,Male,53,58000,48
868,Male,47,17000,26
869,Female,39,26000,20
870,Male,41,51000,42
871,Female,33,86000,89
872,Female,44,36000,20
873,Male,34,91000,22
874,Male,53,62000,54
875,Female,31,76000,10
876,Male,29,94000,17
877,Male,28,26000,13
878,Male,44,62000,6
879,Male,47,21000,13
880,Male,42,17000,15
881,Female,47,31000,7
882,Female,29,49000,49
883,Female,24,25000,63
884,Female,44,32000,19
885,Male,38,103000,83
886,Female,24,36000,100
887,Male,36,84000,76
888,Female,41,31000,22
889,Male,35,80000,22
890,Female,26,29000,83
891,Male,28,90000,70
892,Male,31,64000,93
893,Male,28,82000,79
894,Female,35,16000,94
895,Female,30,93000,79
896,Female,34,27000,75
897,Female,29,81000,79
898,Female,55,44000,59
899,Male,59,62000,42
900,Male,38,87000,8
901,Female,54,80000,12
902,Male,52,55000,30
903,Female,30,16000,72
904,Female,23,26000,74
905,Female,35,23000,20
906,Female,40,54000,50
907,Male,30,101000,70
908,Female,24,65000,47
909,Male,35,88000,86
910,Male,39,45000,48
911,Female,20,99000,15
912,Female,18,109000,78
913,Female,54,24000,19
914,Female,35,58000,38
915,Male,25,11000,92
916,Female,57,27000,30
917,Male,42,77000,10
918,Male,52,67000,12
919,Female,42,61000,58
920,Male,44,25000,32
921,Female,31,33000,79
922,Male,49,42000,10
923,Male,24,87000,99
924,Female,48,51000,54
925,Male,50,64000,57
926,Female,31,44000,61
927,Male,25,26000,64
928,Male,33,19000,33
929,Female,31,42000,66
930,Female,32,86000,12
931,Male,42,57000,34
932,Male,31,10000,78
933,Male,18,84000,68
934,Male,29,26000,82
935,Female,39,14000,11
936,Female,30,36000,77
937,Female,33,75000,73
938,Male,28,13000,66
939,Male,31,10000,68
940,Female,43,21000,9
941,Male,55,103000,25
942,Male,38,81000,7
943,Male,39,95000,74
944,Female,39,84000,1
945,Male,35,72000,35
946,Male,33,91000,21
947,Female,18,52000,63
948,Female,35,91000,27
949,Female,23,21000,79
950,Male,30,57000,55
951,Female,37,80000,16
952,Female,25,46000,48
953,Female,36,102000,89
954,Female,31,20000,15
955,Female,45,92000,82
956,Male,38,73000,96
957,Male,50,46000,23
958,Male,29,72000,75
959,Female,32,48000,42
960,Female,42,31000,12
961,Male,37,56000,69
962,Female,29,40000,51
963,Female,42,92000,15
964,Female,28,86000,73
965,Male,31,28000,84
966,Female,51,13000,30
967,Female,26,17000,83
968,Female,48,69000,45
969,Female,50,24000,22
970,Female,36,36000,71
971,Female,29,80000,25
972,Female,38,11000,25
973,Male,31,30000,92
974,Male,37,82000,29
975,Male,28,55000,54
976,Female,39,66000,35
977,Female,22,25000,79
978,Female,29,79000,70
979,Male,32,27000,79
980,Female,56,90000,90
981,Male,37,13000,29
982,Female,23,73000,87
983,Male,42,108000,17
984,Female,46,24000,29
985,Female,31,33000,74
986,Female,37,10000,37
987,Male,43,65000,17
988,Female,35,15000,94
989,Male,34,13000,80
990,Male,26,62000,50
991,Female,46,31000,13
992,Male,36,78000,60
993,Male,44,37000,1
994,Male,35,66000,82
995,Male,35,37000,33
996,Female,45,25000,15
997,Male,27,42000,95
998,Male,20,95000,2
999,Male,53,53000,65
1000,Female,37,28000,6
1001,Male,19,15000,39
1002,Male,21,15000,81
1003,Female,20,16000,6
1004,Female,23,16000,77
1005,Female,31,17000,40
1006,Female,22,17000,76
1007,Female,35,18000,6
1008,Female,23,18000,94
1009,Male,64,19000,3
1010,Female,30,19000,72
1011,Male,67,19000,14
1012,Female,35,19000,99
1013,Female,58,20000,15
1014,Female,24,20000,77
1015,Male,37,20000,13
1016,Male,22,20000,79
1017,Female,35,21000,35
1018,Male,20,21000,66
1019,Male,52,23000,29
1020,Female,35,23000,98
1021,Male,35,24000,35
1022,Male,25,24000,73
1023,Female,46,25000,5
1024,Male,31,25000,73
1025,Female,54,28000,14
1026,Male,29,28000,82
1027,Female,45,28000,32
1028,Male,35,28000,61
1029,Female,40,29000,31
1030,Female,23,29000,87
1031,Male,60,30000,4
1032,Female,21,30000,73
1033,Male,53,33000,4
1034,Male,18,33000,92
1035,Female,49,33000,14
1036,Female,21,33000,81
1037,Female,42,34000,17
1038,Female,30,34000,73
1039,Female,36,37000,26
1040,Female,20,37000,75
1041,Female,65,38000,35
1042,Male,24,38000,92
1043,Male,48,39000,36
1044,Female,31,39000,61
1045,Female,49,39000,28
1046,Female,24,39000,65
1047,Female,50,40000,55
1048,Female,27,40000,47
1049,Female,29,40000,42
1050,Female,31,40000,42
1051,Female,49,42000,52
1052,Male,33,42000,60
1053,Female,31,43000,54
1054,Male,59,43000,60
1055,Female,50,43000,45
1056,Male,47,43000,41
1057,Female,51,44000,50
1058,Male,69,44000,46
1059,Female,27,46000,51
1060,Male,53,46000,46
1061,Male,70,46000,56
1062,Male,19,46000,55
1063,Female,67,47000,52
1064,Female,54,47000,59
1065,Male,63,48000,51
1066,Male,18,48000,59
1067,Female,43,48000,50
1068,Female,68,48000,48
1069,Male,19,48000,59
1070,Female,32,48000,47
1071,Male,70,49000,55
1072,Female,47,49000,42
1073,Female,60,50000,49
1074,Female,60,50000,56
1075,Male,59,54000,47
1076,Male,26,54000,54
1077,Female,45,54000,53
1078,Male,40,54000,48
1079,Female,23,54000,52
1080,Female,49,54000,42
1081,Male,57,54000,51
1082,Male,38,54000,55
1083,Male,67,54000,41
1084,Female,46,54000,44
1085,Female,21,54000,57
1086,Male,48,54000,46
1087,Female,55,57000,58
1088,Female,22,57000,55
1089,Female,34,58000,60
1090,Female,50,58000,46
1091,Female,68,59000,55
1092,Male,18,59000,41
1093,Male,48,60000,49
1094,Female,40,60000,40
1095,Female,32,60000,42
1096,Male,24,60000,52
1097,Female,47,60000,47
1098,Female,27,60000,50
1099,Male,48,61000,42
1100,Male,20,61000,49
1101,Female,23,62000,41
1102,Female,49,62000,48
1103,Male,67,62000,59
1104,Male,26,62000,55
1105,Male,49,62000,56
1106,Female,21,62000,42
1107,Female,66,63000,50
1108,Male,54,63000,46
1109,Male,68,63000,43
1110,Male,66,63000,48
1111,Male,65,63000,52
1112,Female,19,63000,54
1113,Female,38,64000,42
1114,Male,19,64000,46
1115,Female,18,65000,48
1116,Female,19,65000,50
1117,Female,63,65000,43
1118,Female,49,65000,59
1119,Female,51,67000,43
1120,Female,50,67000,57
1121,Male,27,67000,56
1122,Female,38,67000,40
1123,Female,40,69000,58
1124,Male,39,69000,91
1125,Female,23,70000,29
1126,Female,31,70000,77
1127,Male,43,71000,35
1128,Male,40,71000,95
1129,Male,59,71000,11
1130,Male,38,71000,75
1131,Male,47,71000,9
1132,Male,39,71000,75
1133,Female,25,72000,34
1134,Female,31,72000,71
1135,Male,20,73000,5
1136,Female,29,73000,88
1137,Female,44,73000,7
1138,Male,32,73000,73
1139,Male,19,74000,10
1140,Female,35,74000,72
1141,Female,57,75000,5
1142,Male,32,75000,93
1143,Female,28,76000,40
1144,Female,32,76000,87
1145,Male,25,77000,12
1146,Male,28,77000,97
1147,Male,48,77000,36
1148,Female,32,77000,74
1149,Female,34,78000,22
1150,Male,34,78000,90
1151,Male,43,78000,17
1152,Male,39,78000,88
1153,Female,44,78000,20
1154,Female,38,78000,76
1155,Female,47,78000,16
1156,Female,27,78000,89
1157,Male,37,78000,1
1158,Female,30,78000,78
1159,Male,34,78000,1
1160,Female,30,78000,73
1161,Female,56,79000,35
1162,Female,29,79000,83
1163,Male,19,81000,5
1164,Female,31,81000,93
1165,Male,50,85000,26
1166,Female,36,85000,75
1167,Male,42,86000,20
1168,Female,33,86000,95
1169,Female,36,87000,27
1170,Male,32,87000,63
1171,Male,40,87000,13
1172,Male,28,87000,75
1173,Male,36,87000,10
1174,Male,36,87000,92
1175,Female,52,88000,13
1176,Female,30,88000,86
1177,Male,58,88000,15
1178,Male,27,88000,69
1179,Male,59,93000,14
1180,Male,35,93000,90
1181,Female,37,97000,32
1182,Female,32,97000,86
1183,Male,46,98000,15
1184,Female,29,98000,88
1185,Female,41,99000,39
1186,Male,30,99000,97
1187,Female,54,101000,24
1188,Male,28,101000,68
1189,Female,41,103000,17
1190,Female,36,103000,85
1191,Female,34,103000,23
1192,Female,32,103000,69
1193,Male,33,113000,8
1194,Female,38,113000,91
1195,Female,47,120000,16
1196,Female,35,120000,79
1197,Female,45,126000,28
1198,Male,32,126000,74
1199,Male,32,137000,18
1200,Male,30,137000,83
1201,Male,39,59900,58
1202,Male,34,48400,37
1203,Female,40,70500,26
1204,Female,47,81100,30
1205,Female,33,42100,58
1206,Male,33,36700,73
1207,Female,48,90400,34
1208,Female,41,74800,35
1209,Female,31,42300,43
1210,Male,39,48600,61
1211,Male,31,21200,52
1212,Male,31,47200,67
1213,Male,37,45400,48
1214,Female,20,15000,78
1215,Female,21,25900,65
1216,Female,31,35300,54
1217,Female,27,39700,49
1218,Male,38,55900,43
1219,Male,28,38500,59
1220,Male,24,15000,64
1221,Female,47,89000,23
1222,Male,33,44100,51
1223,Male,36,44400,52
1224,Female,24,26900,37
1225,Female,31,24200,65
1226,Male,36,50700,39
1227,Male,36,21200,50
1228,Male,38,40200,36
1229,Male,30,24400,42
1230,Male,33,50900,36
1231,Male,30,31600,50
1232,Female,50,99100,42
1233,Female,35,41300,48
1234,Female,27,17500,65
1235,Male,42,62100,46
1236,Female,25,37500,56
1237,Male,37,48000,49
1238,Male,19,15000,50
1239,Female,24,27100,73
1240,Male,37,53200,66
1241,Male,41,87700,16
1242,Female,36,59000,35
1243,Female,34,40900,51
1244,Female,33,31400,48
1245,Male,23,20700,66
1246,Female,29,36900,48
1247,Female,31,30700,79
1248,Male,43,64900,53
1249,Female,38,53800,49
1250,Female,21,20000,71
1251,Female,38,51300,59
1252,Male,32,34100,51
1253,Male,30,34800,48
1254,Male,40,70000,41
1255,Male,43,82300,42
1256,Female,42,77700,37
1257,Male,28,18200,47
1258,Male,33,34600,48
1259,Female,38,39000,52
1260,Female,43,70500,38
1261,Female,31,37700,75
1262,Male,34,32200,43
1263,Male,26,22000,66
1264,Male,25,19600,77
1265,Female,42,80900,57
1266,Female,46,77700,30
1267,Male,34,38000,59
1268,Female,36,79100,41
1269,Female,38,46600,52
1270,Female,30,34400,55
1271,Male,38,64400,47
1272,Female,47,89100,3
1273,Female,35,35200,62
1274,Male,48,98100,26
1275,Male,18,21500,56
1276,Female,42,62800,62
1277,Female,36,54000,41
1278,Male,33,54300,44
1279,Male,36,38400,74
1280,Female,19,15000,53
1281,Female,33,50100,44
1282,Female,38,53200,46
1283,Female,47,86900,38
1284,Male,31,41100,56
1285,Female,29,37900,42
1286,Female,31,27800,54
1287,Male,42,84300,27
1288,Female,38,60400,44
1289,Male,31,36600,60
1290,Female,39,52500,52
1291,Female,36,35200,37
1292,Male,43,69300,50
1293,Male,29,39400,57
1294,Female,32,39700,68
1295,Female,32,49200,55
1296,Female,23,21300,72
1297,Male,37,53700,52
1298,Female,37,41000,66
1299,Male,35,45400,57
1300,Male,33,40600,53
1301,Female,24,27600,81
1302,Male,32,37200,64
1303,Female,32,39100,60
1304,Female,29,41400,41
1305,Female,34,40300,41
1306,Female,38,38100,47
1307,Female,50,104900,21
1308,Male,36,58500,40
1309,Male,37,38900,55
1310,Female,34,49300,66
1311,Female,20,15000,69
1312,Male,35,47700,39
1313,Male,35,48000,49
1314,Male,55,97700,10
1315,Male,33,35700,52
1316,Female,37,43700,47
1317,Female,35,38300,49
1318,Male,26,22700,47
1319,Female,44,77500,34
1320,Male,41,78700,30
1321,Female,41,79700,6
1322,Male,28,44900,72
1323,Female,46,79500,44
1324,Male,24,27700,54
1325,Male,40,80000,36
1326,Female,53,100100,8
1327,Male,27,31800,74
1328,Female,30,42500,72
1329,Female,36,51300,50
1330,Male,31,28500,69
1331,Female,23,31000,58
1332,Female,36,54500,34
1333,Female,27,25100,56
1334,Female,39,53100,48
1335,Female,36,38500,50
1336,Male,47,82700,29
1337,Female,29,43400,52
1338,Female,32,59100,45
1339,Female,42,66200,41
1340,Female,25,16600,52
1341,Female,37,51600,41
1342,Male,45,87600,18
1343,Female,22,20400,70
1344,Male,36,59000,25
1345,Male,37,38500,65
1346,Male,41,74800,52
1347,Male,25,22800,57
1348,Female,24,39600,27
1349,Male,39,68700,37
1350,Male,37,43100,51
1351,Female,37,44800,41
1352,Female,38,57900,40
1353,Female,30,33500,72
1354,Male,37,48800,56
1355,Female,37,49400,40
1356,Female,29,19400,46
1357,Male,50,84700,25
1358,Female,39,47300,47
1359,Female,25,23700,65
1360,Female,40,82100,30
1361,Female,27,21100,66
1362,Male,41,87900,52
1363,Female,44,84900,40
1364,Female,28,30800,57
1365,Male,43,86400,30
1366,Female,38,53700,44
1367,Male,42,81700,46
1368,Female,50,92600,19
1369,Male,33,39300,55
1370,Male,29,29900,59
1371,Male,28,24300,55
1372,Male,28,26400,46
1373,Female,34,67400,46
1374,Male,38,61000,44
1375,Female,37,38400,59
1376,Male,42,70000,34
1377,Male,35,49500,62
1378,Male,47,85600,21
1379,Female,33,46400,68
1380,Male,57,88800,2
1381,Female,40,68200,45
1382,Female,28,35600,60
1383,Female,26,30100,50
1384,Female,39,35000,59
1385,Female,33,40200,67
1386,Female,41,73900,16
1387,Female,39,54200,52
1388,Female,34,49000,18
1389,Female,28,35900,46
1390,Male,23,21500,77
1391,Male,31,45800,46
1392,Male,42,82500,22
1393,Male,37,52600,46
1394,Male,25,32500,77
1395,Female,36,63900,25
1396,Female,38,42000,41
1397,Female,28,36800,70
1398,Female,36,40000,72
1399,Female,35,50000,48
1400,Female,26,22100,48
1401,Female,38,47700,71
1402,Male,39,50400,64
1403,Male,44,87200,38
1404,Male,43,79700,27
1405,Male,24,15800,62
1406,Female,27,31600,56
1407,Female,39,47100,53
1408,Female,39,42700,66
1409,Male,39,51100,57
1410,Female,66,98900,1
1411,Female,40,86000,47
1412,Female,44,82600,36
1413,Male,43,59000,50
1414,Female,40,66600,56
1415,Male,32,48400,39
1416,Male,41,94200,30
1417,Male,29,22100,56
1418,Male,33,27000,43
1419,Female,31,53400,52
1420,Male,36,50500,74
1421,Male,54,86700,5
1422,Female,20,22900,59
1423,Female,40,53100,53
1424,Male,22,22200,61
1425,Female,31,41000,52
1426,Male,44,82800,20
1427,Male,36,39300,56
1428,Male,26,30100,50
1429,Male,29,27400,37
1430,Female,40,76100,50
1431,Male,29,27600,69
1432,Female,37,45900,51
1433,Female,35,37600,57
1434,Female,30,41800,64
1435,Female,52,90300,26
1436,Male,40,65100,51
1437,Female,19,17100,58
1438,Male,36,35800,68
1439,Female,30,34200,60
1440,Female,42,66000,43
1441,Male,29,55800,35
1442,Male,34,34900,59
1443,Male,39,64500,34
1444,Female,42,87000,26
1445,Female,25,29800,49
1446,Male,32,54300,38
1447,Male,31,41400,75
1448,Male,30,39700,67
1449,Male,49,80300,50
1450,Female,38,60800,32
1451,Male,25,36400,56
1452,Male,42,71700,26
1453,Male,52,81500,21
1454,Male,43,71500,29
1455,Female,23,17600,74
1456,Male,31,37900,51
1457,Female,45,83100,43
1458,Male,29,31100,64
1459,Male,39,52500,70
1460,Female,41,76400,22
1461,Male,28,39800,67
1462,Female,35,27600,70
1463,Female,18,15000,51
1464,Male,27,32900,67
1465,Female,33,51600,53
1466,Female,25,23700,58
1467,Female,48,68100,28
1468,Female,24,30800,50
1469,Female,31,33300,77
1470,Female,36,37900,54
1471,Female,47,74800,42
1472,Female,24,24300,52
1473,Male,44,72600,29
1474,Male,35,28000,69
1475,Female,27,38400,41
1476,Male,39,63000,39
1477,Female,37,54400,48
1478,Female,30,27500,60
1479,Male,36,45800,49
1480,Female,32,40100,58
1481,Female,36,52200,55
1482,Female,40,90900,39
1483,Female,48,79600,22
1484,Male,25,28300,55
1485,Female,52,92700,35
1486,Female,19,49000,65
1487,Female,34,49400,36
1488,Male,40,68700,44
1489,Female,37,49900,29
1490,Male,30,47900,51
1491,Male,33,45300,71
1492,Female,31,31500,48
1493,Female,30,47800,43
1494,Male,42,85200,41
1495,Female,38,47500,34
1496,Male,29,31000,51
1497,Male,42,78000,42
1498,Female,37,52900,42
1499,Female,42,71600,36
1500,Male,40,77200,45
1501,Male,28,46600,55
1502,Male,31,47000,54
1503,Male,41,68100,37
1504,Female,40,79200,40
1505,Female,35,37300,53
1506,Female,36,50600,54
1507,Female,45,93200,23
1508,Female,30,34900,54
1509,Male,39,46000,40
1510,Female,33,36800,55
1511,Female,33,33300,48
1512,Female,44,72700,26
1513,Female,42,69300,42
1514,Female,42,66900,42
1515,Male,45,84700,39
1516,Male,35,52800,44
1517,Male,40,65200,46
1518,Female,33,54200,54
1519,Male,38,55100,51
1520,Male,34,52000,41
1521,Female,36,42100,54
1522,Female,40,75000,42
1523,Female,28,24300,60
1524,Male,52,104900,1
1525,Male,27,32600,58
1526,Female,25,32000,79
1527,Female,44,74000,33
1528,Male,41,63600,35
1529,Male,40,63800,46
1530,Female,40,59000,48
1531,Female,35,49300,62
1532,Male,28,22100,49
1533,Female,36,54200,55
1534,Male,30,26700,65
1535,Male,43,83600,32
1536,Male,34,48800,54
1537,Male,28,27400,69
1538,Female,32,44900,61
1539,Female,38,53100,36
1540,Male,30,32300,65
1541,Male,28,24900,59
1542,Male,37,33500,56
1543,Male,37,52000,49
1544,Male,31,25900,58
1545,Female,31,39200,66
1546,Female,37,47100,49
1547,Female,23,29400,46
1548,Female,24,23400,56
1549,Male,29,32200,59
1550,Male,33,47900,63
1551,Male,37,51900,54
1552,Male,47,90700,19
1553,Male,42,74600,62
1554,Female,34,31500,60
1555,Male,35,51700,62
1556,Female,27,36100,54
1557,Female,35,37500,60
1558,Female,33,40000,62
1559,Female,38,50700,61
1560,Male,28,31900,68
1561,Female,39,55500,55
1562,Female,47,103300,20
1563,Female,34,52500,43
1564,Male,38,40500,56
1565,Male,41,78900,45
1566,Male,32,50800,47
1567,Female,37,52300,59
1568,Female,35,54300,62
1569,Male,36,63500,35
1570,Female,29,43000,44
1571,Male,35,47600,49
1572,Male,39,61200,47
1573,Female,47,86700,24
1574,Female,43,84700,46
1575,Female,52,87700,29
1576,Female,29,47300,51
1577,Male,42,72200,24
1578,Male,36,59700,32
1579,Male,53,86100,28
1580,Male,29,23600,39
1581,Male,28,35900,66
1582,Female,30,19800,60
1583,Male,18,20000,92
1584,Male,31,45500,75
1585,Male,29,30100,56
1586,Female,36,48400,49
1587,Female,38,66600,52
1588,Female,50,82300,46
1589,Female,43,70200,22
1590,Male,30,48500,33
1591,Male,28,48700,44
1592,Female,39,52800,47
1593,Female,24,33900,61
1594,Male,50,102400,32
1595,Male,44,72700,25
1596,Female,31,34500,33
1597,Female,21,30200,65
1598,Female,46,92100,20
1599,Female,34,48300,30
1600,Male,45,70000,39
1601,Male,22,38100,61
1602,Male,30,32400,56
1603,Female,35,42900,48
1604,Female,35,48300,49
1605,Male,31,50800,46
1606,Male,40,85000,21
1607,Male,26,32700,49
1608,Male,34,47500,56
1609,Female,36,47700,53
1610,Male,39,57300,47
1611,Male,41,46500,39
1612,Male,26,27000,57
1613,Male,23,25900,37
1614,Male,45,71900,39
1615,Male,38,54100,61
1616,Male,29,33200,42
1617,Female,47,82700,25
1618,Female,36,60000,49
1619,Female,44,69800,51
1620,Female,36,46200,46
1621,Male,51,91400,18
1622,Female,49,89100,7
1623,Female,33,43600,53
1624,Male,43,73700,58
1625,Male,40,68600,43
1626,Female,46,92000,28
1627,Female,27,36200,59
1628,Male,40,66900,41
1629,Female,43,82500,25
1630,Male,36,15300,70
1631,Male,26,31400,59
1632,Male,19,23400,58
1633,Male,33,41700,43
1634,Female,41,74200,51
1635,Male,47,78700,39
1636,Male,36,45800,45
1637,Female,48,82600,40
1638,Male,24,19800,56
1639,Female,21,19000,53
1640,Female,35,33200,49
1641,Female,38,47100,32
1642,Male,35,43300,57
1643,Female,18,15000,43
1644,Female,34,41900,41
1645,Male,25,27100,38
1646,Female,40,70000,39
1647,Female,38,58000,44
1648,Female,27,26000,56
1649,Female,31,28800,48
1650,Female,27,22900,49
1651,Male,34,39900,58
1652,Female,43,64900,35
1653,Female,27,25000,63
1654,Male,39,42400,43
1655,Male,31,34800,58
1656,Male,29,36300,68
1657,Female,34,48600,56
1658,Male,27,26700,55
1659,Female,31,35100,59
1660,Female,25,20200,59
1661,Male,51,90200,25
1662,Male,35,38800,51
1663,Female,29,39400,53
1664,Male,37,34900,57
1665,Female,34,40900,43
1666,Male,33,44400,42
1667,Male,40,80600,22
1668,Male,41,92600,15
1669,Female,31,41200,41
1670,Male,30,28600,60
1671,Female,33,41200,44
1672,Female,18,15000,66
1673,Female,23,23400,60
1674,Female,46,76300,15
1675,Male,48,83400,37
1676,Female,33,37600,63
1677,Female,40,66300,32
1678,Male,37,44100,56
1679,Female,60,127600,1
1680,Male,44,78700,36
1681,Female,34,58500,34
1682,Male,27,37700,37
1683,Female,22,26100,54
1684,Male,37,52100,47
1685,Female,29,38000,51
1686,Female,24,15000,51
1687,Male,30,34400,52
1688,Male,26,36200,58
1689,Male,48,82500,30
1690,Male,42,58700,45
1691,Female,35,45200,45
1692,Female,47,98000,37
1693,Male,36,57400,35
1694,Female,28,32500,62
1695,Male,47,89300,40
1696,Male,39,49900,53
1697,Female,27,17600,61
1698,Female,33,34600,51
1699,Female,28,45500,62
1700,Female,24,23600,46
1701,Female,42,68200,30
1702,Female,50,87000,23
1703,Female,24,41000,65
1704,Male,40,83200,39
1705,Male,30,54400,39
1706,Male,31,37100,52
1707,Male,30,39000,48
1708,Male,28,20900,54
1709,Female,35,57400,56
1710,Male,28,23700,47
1711,Male,37,50900,65
1712,Male,35,36800,63
1713,Male,33,37300,66
1714,Male,28,26300,55
1715,Male,30,31700,56
1716,Male,41,69200,26
1717,Female,39,48400,44
1718,Female,27,37900,60
1719,Male,36,38600,67
1720,Female,41,77800,25
1721,Female,22,31900,52
1722,Female,39,48700,47
1723,Female,30,30900,44
1724,Male,40,66500,47
1725,Female,29,44200,45
1726,Female,21,22000,58
1727,Female,22,18000,57
1728,Male,35,49500,42
1729,Male,37,40400,53
1730,Male,28,38500,52
1731,Male,40,79400,33
1732,Male,22,19700,54
1733,Male,34,37100,58
1734,Male,25,20500,78
1735,Female,30,40900,55
1736,Female,35,55400,57
1737,Female,28,27900,45
1738,Male,32,43900,54
1739,Male,43,56800,33
1740,Male,30,31900,42
1741,Male,42,79500,28
1742,Male,26,22100,73
1743,Female,36,45300,60
1744,Female,47,75800,36
1745,Male,18,17300,45
1746,Male,29,33300,55
1747,Male,40,56500,48
1748,Male,33,25000,62
1749,Female,38,46100,32
1750,Male,30,40300,45
1751,Male,36,25400,58
1752,Male,34,39800,59
1753,Male,44,68500,17
1754,Female,37,60300,43
1755,Male,38,47900,51
1756,Male,32,43300,61
1757,Female,31,39500,61
1758,Female,32,23200,66
1759,Female,38,57100,38
1760,Male,32,41900,34
1761,Male,37,53300,44
1762,Female,52,120800,22
1763,Female,42,55200,59
1764,Female,32,54000,55
1765,Female,45,79100,38
1766,Female,32,42500,57
1767,Female,19,16400,55
1768,Male,27,27800,57
1769,Male,20,15000,79
1770,Male,32,42800,43
1771,Female,35,33500,72
1772,Female,48,92200,23
1773,Female,38,47700,63
1774,Female,33,33000,43
1775,Female,42,63600,48
1776,Female,18,25100,50
1777,Male,37,44900,37
1778,Male,41,85400,36
1779,Female,23,18200,72
1780,Male,44,85400,23
1781,Female,38,56500,31
1782,Male,32,55000,47
1783,Female,40,64300,41
1784,Female,53,95200,27
1785,Male,36,48200,59
1786,Male,37,59600,45
1787,Female,31,32600,75
1788,Female,28,39000,57
1789,Male,42,66300,37
1790,Male,28,32500,41
1791,Female,36,48100,47
1792,Male,31,40400,50
1793,Female,39,51900,57
1794,Female,36,52700,52
1795,Female,43,93100,18
1796,Female,31,46300,53
1797,Male,33,49000,57
1798,Male,27,27600,74
1799,Male,31,31300,66
1800,Male,38,58600,53
1801,Male,41,91600,32
1802,Male,28,44800,56
1803,Male,42,69600,52
1804,Female,46,80900,19
1805,Male,38,37900,50
1806,Male,50,85000,20
1807,Female,29,42800,57
1808,Male,25,23900,72
1809,Male,21,25500,52
1810,Female,47,79000,9
1811,Male,40,75300,34
1812,Male,35,36400,64
1813,Male,37,49900,54
1814,Female,26,15000,68
1815,Male,55,100700,14
1816,Male,36,34400,43
1817,Female,36,57000,52
1818,Male,41,83900,26
1819,Female,39,56500,68
1820,Female,37,61400,50
1821,Male,29,27200,53
1822,Female,39,66800,36
1823,Female,50,84400,27
1824,Male,46,94200,25
1825,Female,48,98400,35
1826,Female,31,29500,60
1827,Male,27,24600,53
1828,Male,34,38900,73
1829,Male,35,41400,53
1830,Female,44,71600,45
1831,Male,21,30200,50
1832,Female,47,80600,36
1833,Female,34,46600,54
1834,Female,32,35600,37
1835,Female,27,16600,83
1836,Female,22,24400,72
1837,Female,42,60900,39
1838,Female,36,46900,39
1839,Male,25,16700,66
1840,Male,25,43500,53
1841,Female,32,47500,54
1842,Female,48,82900,32
1843,Male,33,52100,54
1844,Female,23,17200,77
1845,Male,33,46300,57
1846,Male,33,43600,42
1847,Male,18,17100,74
1848,Female,35,55800,64
1849,Female,33,47900,82
1850,Male,41,78000,25
1851,Male,50,79100,33
1852,Male,44,71700,17
1853,Male,33,41000,59
1854,Male,26,30100,52
1855,Female,56,86200,47
1856,Male,35,64900,36
1857,Female,35,57700,30
1858,Male,35,50400,45
1859,Female,37,49800,29
1860,Female,34,42100,60
1861,Female,30,29000,38
1862,Female,31,39000,55
1863,Female,35,47700,30
1864,Female,31,28500,55
1865,Male,29,37500,71
1866,Female,36,46200,54
1867,Male,33,26700,51
1868,Female,47,74600,34
1869,Female,18,15000,61
1870,Male,44,90400,35
1871,Female,45,73600,22
1872,Male,18,15000,67
1873,Male,32,44100,25
1874,Male,32,27800,53
1875,Male,24,34500,51
1876,Female,29,31000,64
1877,Female,26,28700,58
1878,Male,49,92600,12
1879,Female,42,59100,34
1880,Female,45,62700,42
1881,Male,41,70900,38
1882,Female,26,37700,49
1883,Male,31,26200,47
1884,Male,39,30100,63
1885,Female,25,24000,55
1886,Female,41,69600,39
1887,Female,33,51600,71
1888,Male,32,36500,41
1889,Male,41,74900,19
1890,Female,39,62000,51
1891,Female,32,25200,47
1892,Female,44,74600,33
1893,Female,26,30900,50
1894,Male,40,79400,34
1895,Female,40,66600,57
1896,Male,33,42300,61
1897,Male,38,31100,65
1898,Female,25,22300,46
1899,Female,42,79200,24
1900,Female,34,35900,27
1901,Male,31,38900,46
1902,Female,43,92400,39
1903,Female,29,32100,62
1904,Male,24,27200,56
1905,Female,23,16300,62
1906,Male,40,59100,37
1907,Female,25,32500,59
1908,Male,49,85000,36
1909,Female,18,15000,45
1910,Female,49,88400,30
1911,Male,37,54900,56
1912,Male,34,27400,55
1913,Female,31,47700,58
1914,Male,38,48300,78
1915,Male,35,49000,49
1916,Male,44,87200,35
1917,Male,36,36400,47
1918,Female,36,41700,54
1919,Female,32,37900,59
1920,Male,35,39300,56
1921,Male,37,63100,34
1922,Male,21,15000,64
1923,Male,24,21400,75
1924,Female,41,77400,41
1925,Female,36,37800,64
1926,Male,34,40600,51
1927,Male,35,48100,58
1928,Male,38,48300,52
1929,Female,31,37700,45
1930,Male,29,30600,61
1931,Female,37,37100,44
1932,Male,27,33800,50
1933,Female,38,65000,45
1934,Male,21,20500,63
1935,Female,43,83900,21
1936,Male,39,58300,56
1937,Male,37,39000,59
1938,Male,43,94800,22
1939,Female,48,86100,14
1940,Male,43,89000,30
1941,Female,20,15000,58
1942,Female,25,42100,54
1943,Male,30,42800,49
1944,Male,35,50000,29
1945,Male,39,54700,43
1946,Female,29,32800,54
1947,Male,36,57000,53
1948,Female,29,35900,49
1949,Female,30,20900,78
1950,Male,24,16900,43
1951,Male,36,45900,64
1952,Male,40,66000,39
1953,Male,63,95500,19
1954,Male,36,57200,47
1955,Male,53,75100,41
1956,Female,48,92400,23
1957,Female,59,90900,6
1958,Female,76,125500,1
1959,Male,63,95200,9
1960,Female,31,41800,55
1961,Female,20,15000,74
1962,Female,34,54000,38
1963,Female,55,108300,20
1964,Female,21,25100,52
1965,Male,49,77000,31
1966,Male,55,105300,16
1967,Female,39,47100,35
1968,Female,66,108200,1
1969,Female,25,40800,67
1970,Male,23,32600,65
1971,Male,63,90200,12
1972,Female,49,96900,26
1973,Male,61,82100,15
1974,Female,45,86400,45
1975,Female,33,45600,50
1976,Male,69,91800,5
1977,Male,68,95700,14
1978,Female,61,90100,7
1979,Male,35,43200,68
1980,Male,55,81900,9
1981,Female,40,76400,54
1982,Male,24,27800,54
1983,Male,75,116000,1
1984,Female,26,23400,41
1985,Female,77,129600,1
1986,Female,46,92700,17
1987,Male,29,30900,52
1988,Female,52,90200,23
1989,Male,72,116100,1
1990,Female,63,93100,13
1991,Male,68,103900,3
1992,Female,59,112500,1
1993,Female,61,77100,11
1994,Female,71,120900,6
1995,Female,33,42600,45
1996,Male,48,84300,46
1997,Female,32,39500,52
1998,Female,79,124500,1
1999,Male,77,107400,1
2000,Female,20,30600,68
2001,Male,62,94500,11
2002,Female,75,121100,1
2003,Female,29,42400,52
2004,Female,53,92600,26
2005,Male,75,121400,1
2006,Female,20,16500,61
2007,Female,61,99200,17
2008,Female,36,30400,74
2009,Male,75,116800,1
2010,Male,78,118200,1
2011,Female,77,124700,1
2012,Male,47,93400,1
2013,Female,71,104700,1
2014,Female,70,102900,1
2015,Female,38,50100,44
2016,Female,69,99600,2
2017,Female,20,25300,57
2018,Female,55,102000,28
2019,Female,32,16900,64
2020,Male,25,24600,52
2021,Male,23,15700,73
2022,Male,61,79300,17
2023,Male,39,42900,56
2024,Male,63,96900,5
2025,Male,22,32800,49
2026,Male,38,53500,48
2027,Female,51,79000,30
2028,Female,67,106800,5
2029,Female,38,47300,47
2030,Female,57,100300,1
2031,Male,73,104800,1
2032,Male,56,79300,33
2033,Female,32,37100,52
2034,Female,20,19900,58
2035,Male,72,111400,1
2036,Female,19,15000,54
2037,Female,72,104600,1
2038,Female,51,93900,22
2039,Female,76,108900,1
2040,Male,68,111200,1
2041,Female,80,118600,1
2042,Female,40,74000,43
2043,Male,66,89700,8
2044,Male,43,71900,41
2045,Female,48,101900,41
2046,Male,57,104400,10
2047,Female,72,120000,1
2048,Female,79,129000,1
2049,Male,66,92600,1
2050,Female,44,81000,28
2051,Female,44,59500,37
2052,Female,64,108400,7
2053,Female,33,32400,80
2054,Male,25,34700,48
2055,Male,40,74600,34
2056,Female,36,62000,44
2057,Male,36,44100,56
2058,Female,32,45900,54
2059,Female,21,38700,66
2060,Female,19,15000,37
2061,Female,79,112500,1
2062,Female,45,60300,36
2063,Male,42,81000,46
2064,Female,60,90600,1
2065,Male,32,37200,25
2066,Male,77,124700,1
2067,Female,67,104700,3
2068,Female,24,29200,47
2069,Female,44,82200,23
2070,Female,73,124200,1
2071,Female,77,113600,1
2072,Male,47,79100,26
2073,Female,56,99600,22
2074,Female,28,39600,26
2075,Male,79,132000,1
2076,Male,32,43800,41
2077,Female,76,128900,1
2078,Male,58,95600,11
2079,Female,56,116100,18
2080,Male,50,97500,4
2081,Male,32,46100,52
2082,Female,29,49100,56
2083,Male,32,26900,78
2084,Male,30,32400,52
2085,Male,66,95500,9
2086,Male,40,74100,20
2087,Male,22,15000,39
2088,Male,78,129100,1
2089,Female,73,125000,1
2090,Female,76,125000,1
2091,Male,80,128900,1
2092,Female,29,49000,64
2093,Female,43,75300,55
2094,Female,65,109600,6
2095,Male,61,98600,14
2096,Female,28,32700,57
2097,Male,69,103500,1
2098,Female,32,24000,74
2099,Male,32,31600,51
2100,Male,51,109200,23
2101,Female,55,80300,10
2102,Female,54,100000,7
2103,Male,24,33900,70
2104,Female,72,102200,1
2105,Female,34,45300,66
2106,Female,26,36900,54
2107,Male,73,114100,1
2108,Male,77,144100,1
2109,Female,71,97100,1
2110,Female,68,113500,3
2111,Female,59,110500,9
2112,Male,52,97900,6
2113,Male,23,27500,60
2114,Female,43,62500,64
2115,Female,41,72300,44
2116,Female,34,28900,58
2117,Female,63,100800,19
2118,Female,49,95700,27
2119,Female,23,29100,59
2120,Male,32,48700,40
2121,Female,60,102300,13
2122,Male,23,25200,69
2123,Female,71,103400,1
2124,Female,49,78000,46
2125,Male,48,80500,30
2126,Male,55,109100,5
2127,Male,69,104900,8
2128,Male,40,72000,36
2129,Female,60,104500,18
2130,Male,53,97000,18
2131,Female,35,50900,49
2132,Male,72,127700,1
2133,Female,67,96200,7
2134,Female,59,102400,1
2135,Female,71,112300,1
2136,Female,72,117400,1
2137,Female,62,49000,11
2138,Female,70,101600,1
2139,Male,61,99500,1
2140,Female,60,111500,1
2141,Male,56,85600,2
2142,Male,65,110400,1
2143,Female,28,42400,47
2144,Male,73,115100,1
2145,Female,72,112800,1
2146,Male,20,23000,62
2147,Female,69,99900,21
2148,Male,26,29600,43
2149,Female,39,35600,66
2150,Female,64,104800,15
2151,Female,28,20500,54
2152,Female,69,118800,1
2153,Male,70,106000,1
2154,Female,49,82800,32
2155,Male,18,15000,76
2156,Male,36,45100,57
2157,Male,56,118400,14
2158,Female,79,104900,1
2159,Male,57,110800,1
2160,Male,34,46500,49
2161,Male,57,86400,33
2162,Female,51,83400,13
2163,Female,66,114800,1
2164,Male,25,20000,63
2165,Female,65,90400,1
2166,Female,52,92800,15
2167,Male,78,125700,1
2168,Male,39,45300,37
2169,Female,57,100000,6
2170,Male,76,111200,1
2171,Female,24,34600,42
2172,Female,76,127900,1
2173,Female,61,96700,6
2174,Female,22,25100,66
2175,Female,37,63300,42
2176,Female,62,94200,7
2177,Male,22,15000,63
2178,Male,54,107400,1
2179,Female,39,69500,46
2180,Female,56,92800,23
2181,Female,21,17500,57
2182,Male,72,115500,1
2183,Female,78,122600,1
2184,Male,78,115100,1
2185,Female,64,106800,6
2186,Female,26,48000,47
2187,Male,65,101200,5
2188,Male,20,15000,61
2189,Female,19,15000,74
2190,Female,38,53100,37
2191,Female,48,92800,19
2192,Male,66,105200,12
2193,Male,60,100100,6
2194,Male,46,73800,44
2195,Male,35,36900,72
2196,Male,80,133300,1
2197,Male,44,82600,40
2198,Female,46,67700,26
2199,Female,28,45700,59
2200,Male,67,107800,1
